[
  {
    "name": "Akron",
    "lat": 41.0814,
    "lon": -81.5190
  },
  {
    "name": "Albany",
    "lat": 42.6526,
    "lon": -73.7562
  },
  {
    "name": "Albuquerque",
    "lat": 35.0844,
    "lon": -106.6504
  },
  {
    "name": "Amarillo",
    "lat": 35.2220,
    "lon": -101.8313
  },
  {
    "name": "Anaheim",
    "lat": 33.8366,
    "lon": -117.9143
  },
  {
    "name": "Anchorage",
    "lat": 61.2181,
    "lon": -149.9003
  },
  {
    "name": "Arlington",
    "lat": 32.7357,
    "lon": -97.1081
  },
  {
    "name": "Atlanta",
    "lat": 33.7490,
    "lon": -84.3880
  },
  {
    "name": "Augusta",
    "lat": 33.4735,
    "lon": -82.0105
  },
  {
    "name": "Aurora",
    "lat": 39.7294,
    "lon": -104.8319
  },
  {
    "name": "Aurora, IL",
    "lat": 41.7606,
    "lon": -88.3201
  },
  {
    "name": "Austin",
    "lat": 30.2672,
    "lon": -97.7431
  },
  {
    "name": "Bakersfield",
    "lat": 35.3733,
    "lon": -119.0187
  },
  {
    "name": "Baltimore",
    "lat": 39.2904,
    "lon": -76.6122
  },
  {
    "name": "Bangkok",
    "lat": 13.7563,
    "lon": 100.5018
  },
  {
    "name": "Baton Rouge",
    "lat": 30.4515,
    "lon": -91.1871
  },
  {
    "name": "Beijing",
    "lat": 39.9042,
    "lon": 116.4074
  },
  {
    "name": "Bellevue",
    "lat": 47.6101,
    "lon": -122.2015
  },
  {
    "name": "Bellingham",
    "lat": 48.7519,
    "lon": -122.4787
  },
  {
    "name": "Bend",
    "lat": 44.0582,
    "lon": -121.3153
  },
  {
    "name": "Berlin",
    "lat": 52.5200,
    "lon": 13.4050
  },
  {
    "name": "Biloxi",
    "lat": 30.3960,
    "lon": -88.8853
  },
  {
    "name": "Boise",
    "lat": 43.6150,
    "lon": -116.2023
  },
  {
    "name": "Boston",
    "lat": 42.3601,
    "lon": -71.0589
  },
  {
    "name": "Bridgeport",
    "lat": 41.1865,
    "lon": -73.1952
  },
  {
    "name": "Brownsville",
    "lat": 25.9017,
    "lon": -97.4975
  },
  {
    "name": "Buenos Aires",
    "lat": -34.6037,
    "lon": -58.3816
  },
  {
    "name": "Buffalo",
    "lat": 42.8864,
    "lon": -78.8784
  },
  {
    "name": "Burlington",
    "lat": 44.4759,
    "lon": -73.2121
  },
  {
    "name": "Cairo",
    "lat": 30.0444,
    "lon": 31.2357
  },
  {
    "name": "Cape Coral",
    "lat": 26.5629,
    "lon": -81.9495
  },
  {
    "name": "Cary",
    "lat": 35.7915,
    "lon": -78.7811
  },
  {
    "name": "Chandler",
    "lat": 33.3062,
    "lon": -111.8413
  },
  {
    "name": "Charleston",
    "lat": 32.7765,
    "lon": -79.9311
  },
  {
    "name": "Charlotte",
    "lat": 35.2271,
    "lon": -80.8431
  },
  {
    "name": "Chattanooga",
    "lat": 35.0456,
    "lon": -85.3097
  },
  {
    "name": "Chesapeake",
    "lat": 36.7682,
    "lon": -76.2875
  },
  {
    "name": "Chicago",
    "lat": 41.8781,
    "lon": -87.6298
  },
  {
    "name": "Chula Vista",
    "lat": 32.6401,
    "lon": -117.0842
  },
  {
    "name": "Cincinnati",
    "lat": 39.1031,
    "lon": -84.5120
  },
  {
    "name": "Cleveland",
    "lat": 41.4993,
    "lon": -81.6944
  },
  {
    "name": "Colorado Springs",
    "lat": 38.8339,
    "lon": -104.8214
  },
  {
    "name": "Columbus",
    "lat": 39.9612,
    "lon": -82.9988
  },
  {
    "name": "Concord",
    "lat": 37.9780,
    "lon": -122.0311
  },
  {
    "name": "Corona",
    "lat": 33.8753,
    "lon": -117.5664
  },
  {
    "name": "Corpus Christi",
    "lat": 27.8006,
    "lon": -97.3964
  },
  {
    "name": "Dallas",
    "lat": 32.7767,
    "lon": -96.7970
  },
  {
    "name": "Daytona Beach",
    "lat": 29.2108,
    "lon": -81.0228
  },
  {
    "name": "Denton",
    "lat": 33.2148,
    "lon": -97.1331
  },
  {
    "name": "Denver",
    "lat": 39.7392,
    "lon": -104.9903
  },
  {
    "name": "Des Moines",
    "lat": 41.6005,
    "lon": -93.6091
  },
  {
    "name": "Detroit",
    "lat": 42.3314,
    "lon": -83.0458
  },
  {
    "name": "Dubai",
    "lat": 25.2048,
    "lon": 55.2708
  },
  {
    "name": "El Paso",
    "lat": 31.7619,
    "lon": -106.4850
  },
  {
    "name": "Elk Grove",
    "lat": 38.4088,
    "lon": -121.3716
  },
  {
    "name": "Eugene",
    "lat": 44.0521,
    "lon": -123.0868
  },
  {
    "name": "Eureka",
    "lat": 40.8021,
    "lon": -124.1637
  },
  {
    "name": "Fort Collins",
    "lat": 40.5853,
    "lon": -105.0844
  },
  {
    "name": "Fort Lauderdale",
    "lat": 26.1224,
    "lon": -80.1373
  },
  {
    "name": "Fort Wayne",
    "lat": 41.0793,
    "lon": -85.1394
  },
  {
    "name": "Fort Worth",
    "lat": 32.7555,
    "lon": -97.3308
  },
  {
    "name": "Fremont",
    "lat": 37.5485,
    "lon": -121.9886
  },
  {
    "name": "Fresno",
    "lat": 36.7378,
    "lon": -119.7871
  },
  {
    "name": "Garden Grove",
    "lat": 33.7746,
    "lon": -117.9414
  },
  {
    "name": "Garland",
    "lat": 32.9126,
    "lon": -96.6389
  },
  {
    "name": "Gilbert",
    "lat": 33.3528,
    "lon": -111.7890
  },
  {
    "name": "Glendale, AZ",
    "lat": 33.5387,
    "lon": -112.1860
  },
  {
    "name": "Glendale, CA",
    "lat": 34.1425,
    "lon": -118.2551
  },
  {
    "name": "Grand Prairie",
    "lat": 32.7459,
    "lon": -96.9978
  },
  {
    "name": "Grand Rapids",
    "lat": 42.9634,
    "lon": -85.6681
  },
  {
    "name": "Greensboro",
    "lat": 36.0726,
    "lon": -79.7920
  },
  {
    "name": "Hartford",
    "lat": 41.7658,
    "lon": -72.6734
  },
  {
    "name": "Hayward",
    "lat": 37.6688,
    "lon": -122.0808
  },
  {
    "name": "Henderson",
    "lat": 36.0395,
    "lon": -114.9817
  },
  {
    "name": "Hialeah",
    "lat": 25.8576,
    "lon": -80.2781
  },
  {
    "name": "Hong Kong",
    "lat": 22.3193,
    "lon": 114.1694
  },
  {
    "name": "Honolulu",
    "lat": 21.3099,
    "lon": -157.8581
  },
  {
    "name": "Houston",
    "lat": 29.7604,
    "lon": -95.3698
  },
  {
    "name": "Huntington Beach",
    "lat": 33.6603,
    "lon": -117.9992
  },
  {
    "name": "Huntsville",
    "lat": 34.7304,
    "lon": -86.5861
  },
  {
    "name": "Indianapolis",
    "lat": 39.7684,
    "lon": -86.1581
  },
  {
    "name": "Irvine",
    "lat": 33.6846,
    "lon": -117.8265
  },
  {
    "name": "Irving",
    "lat": 32.8140,
    "lon": -96.9489
  },
  {
    "name": "Istanbul",
    "lat": 41.0082,
    "lon": 28.9784
  },
  {
    "name": "Jacksonville",
    "lat": 30.3322,
    "lon": -81.6557
  },
  {
    "name": "Jakarta",
    "lat": -6.2088,
    "lon": 106.8456
  },
  {
    "name": "Jersey City",
    "lat": 40.7178,
    "lon": -74.0431
  },
  {
    "name": "Joliet",
    "lat": 41.5250,
    "lon": -88.0817
  },
  {
    "name": "Kansas City",
    "lat": 39.0997,
    "lon": -94.5786
  },
  {
    "name": "Key West",
    "lat": 24.5551,
    "lon": -81.7800
  },
  {
    "name": "Knoxville",
    "lat": 35.9606,
    "lon": -83.9207
  },
  {
    "name": "Lagos",
    "lat": 6.5244,
    "lon": 3.3792
  },
  {
    "name": "Lancaster",
    "lat": 34.6868,
    "lon": -118.1542
  },
  {
    "name": "Laredo",
    "lat": 27.5306,
    "lon": -99.4803
  },
  {
    "name": "Las Vegas",
    "lat": 36.1699,
    "lon": -115.1398
  },
  {
    "name": "Lexington",
    "lat": 38.0406,
    "lon": -84.5037
  },
  {
    "name": "Lincoln",
    "lat": 40.8258,
    "lon": -96.6852
  },
  {
    "name": "Lisbon",
    "lat": 38.7223,
    "lon": -9.1393
  },
  {
    "name": "Little Rock",
    "lat": 34.7465,
    "lon": -92.2896
  },
  {
    "name": "London",
    "lat": 51.5074,
    "lon": -0.1278
  },
  {
    "name": "Long Beach",
    "lat": 33.7701,
    "lon": -118.1937
  },
  {
    "name": "Los Angeles",
    "lat": 34.0522,
    "lon": -118.2437
  },
  {
    "name": "Louisville",
    "lat": 38.2527,
    "lon": -85.7585
  },
  {
    "name": "Lubbock",
    "lat": 33.5779,
    "lon": -101.8552
  },
  {
    "name": "Madrid",
    "lat": 40.4168,
    "lon": -3.7038
  },
  {
    "name": "Manchester",
    "lat": 42.9956,
    "lon": -71.4548
  },
  {
    "name": "Medford",
    "lat": 42.3265,
    "lon": -122.8756
  },
  {
    "name": "Memphis",
    "lat": 35.1495,
    "lon": -90.0490
  },
  {
    "name": "Mesa",
    "lat": 33.4152,
    "lon": -111.8315
  },
  {
    "name": "Mexico City",
    "lat": 19.4326,
    "lon": -99.1332
  },
  {
    "name": "Miami",
    "lat": 25.7617,
    "lon": -80.1918
  },
  {
    "name": "Miami Beach",
    "lat": 25.7907,
    "lon": -80.1300
  },
  {
    "name": "Milwaukee",
    "lat": 43.0389,
    "lon": -87.9065
  },
  {
    "name": "Minneapolis",
    "lat": 44.9778,
    "lon": -93.2650
  },
  {
    "name": "Mobile",
    "lat": 30.6954,
    "lon": -88.0399
  },
  {
    "name": "Modesto",
    "lat": 37.6391,
    "lon": -120.9969
  },
  {
    "name": "Monterey",
    "lat": 36.6002,
    "lon": -121.8947
  },
  {
    "name": "Montgomery",
    "lat": 32.3668,
    "lon": -86.3000
  },
  {
    "name": "Moreno Valley",
    "lat": 33.9425,
    "lon": -117.2297
  },
  {
    "name": "Moscow",
    "lat": 55.7558,
    "lon": 37.6173
  },
  {
    "name": "Mumbai",
    "lat": 19.0760,
    "lon": 72.8777
  },
  {
    "name": "Myrtle Beach",
    "lat": 33.6891,
    "lon": -78.8867
  },
  {
    "name": "Nairobi",
    "lat": -1.2921,
    "lon": 36.8219
  },
  {
    "name": "Napa",
    "lat": 38.2975,
    "lon": -122.2869
  },
  {
    "name": "Naperville",
    "lat": 41.7508,
    "lon": -88.1535
  },
  {
    "name": "Nashville",
    "lat": 36.1627,
    "lon": -86.7816
  },
  {
    "name": "New Haven",
    "lat": 41.3083,
    "lon": -72.9279
  },
  {
    "name": "New Orleans",
    "lat": 29.9511,
    "lon": -90.0715
  },
  {
    "name": "New York",
    "lat": 40.7128,
    "lon": -74.0060
  },
  {
    "name": "Newark",
    "lat": 40.7357,
    "lon": -74.1724
  },
  {
    "name": "Newport News",
    "lat": 37.0871,
    "lon": -76.4730
  },
  {
    "name": "Norfolk",
    "lat": 36.8508,
    "lon": -76.2859
  },
  {
    "name": "North Las Vegas",
    "lat": 36.1989,
    "lon": -115.1175
  },
  {
    "name": "Oakland",
    "lat": 37.8044,
    "lon": -122.2712
  },
  {
    "name": "Oceanside",
    "lat": 33.1959,
    "lon": -117.3795
  },
  {
    "name": "Oklahoma City",
    "lat": 35.4676,
    "lon": -97.5164
  },
  {
    "name": "Olympia",
    "lat": 47.0379,
    "lon": -122.9007
  },
  {
    "name": "Omaha",
    "lat": 41.2565,
    "lon": -95.9345
  },
  {
    "name": "Ontario",
    "lat": 34.0633,
    "lon": -117.6509
  },
  {
    "name": "Overland Park",
    "lat": 38.9822,
    "lon": -94.6708
  },
  {
    "name": "Palmdale",
    "lat": 34.5794,
    "lon": -118.1165
  },
  {
    "name": "Paris",
    "lat": 48.8566,
    "lon": 2.3522
  },
  {
    "name": "Pasadena, TX",
    "lat": 29.6911,
    "lon": -95.2091
  },
  {
    "name": "Paterson",
    "lat": 40.9168,
    "lon": -74.1718
  },
  {
    "name": "Pembroke Pines",
    "lat": 26.0079,
    "lon": -80.2962
  },
  {
    "name": "Pensacola",
    "lat": 30.4213,
    "lon": -87.2169
  },
  {
    "name": "Peoria",
    "lat": 33.5806,
    "lon": -112.2374
  },
  {
    "name": "Philadelphia",
    "lat": 39.9526,
    "lon": -75.1652
  },
  {
    "name": "Phoenix",
    "lat": 33.4484,
    "lon": -112.0740
  },
  {
    "name": "Pittsburgh",
    "lat": 40.4406,
    "lon": -79.9959
  },
  {
    "name": "Plano",
    "lat": 33.0198,
    "lon": -96.6989
  },
  {
    "name": "Pomona",
    "lat": 34.0551,
    "lon": -117.7500
  },
  {
    "name": "Port St. Lucie",
    "lat": 27.2730,
    "lon": -80.3582
  },
  {
    "name": "Portland",
    "lat": 45.5152,
    "lon": -122.6784
  },
  {
    "name": "Portland, ME",
    "lat": 43.6591,
    "lon": -70.2568
  },
  {
    "name": "Providence",
    "lat": 41.8240,
    "lon": -71.4128
  },
  {
    "name": "Raleigh",
    "lat": 35.7796,
    "lon": -78.6382
  },
  {
    "name": "Rancho Cucamonga",
    "lat": 34.1064,
    "lon": -117.5931
  },
  {
    "name": "Redding",
    "lat": 40.5865,
    "lon": -122.3917
  },
  {
    "name": "Reno",
    "lat": 39.5296,
    "lon": -119.8138
  },
  {
    "name": "Richmond",
    "lat": 37.5407,
    "lon": -77.4360
  },
  {
    "name": "Riverside",
    "lat": 33.9533,
    "lon": -117.3962
  },
  {
    "name": "Riyadh",
    "lat": 24.7136,
    "lon": 46.6753
  },
  {
    "name": "Rochester",
    "lat": 43.1566,
    "lon": -77.6088
  },
  {
    "name": "Rockford",
    "lat": 42.2711,
    "lon": -89.0940
  },
  {
    "name": "Rome",
    "lat": 41.9028,
    "lon": 12.4964
  },
  {
    "name": "Roseville",
    "lat": 38.7521,
    "lon": -121.2880
  },
  {
    "name": "Sacramento",
    "lat": 38.5816,
    "lon": -121.4944
  },
  {
    "name": "Salem",
    "lat": 44.9429,
    "lon": -123.0351
  },
  {
    "name": "Salinas",
    "lat": 36.6777,
    "lon": -121.6555
  },
  {
    "name": "Salt Lake City",
    "lat": 40.7608,
    "lon": -111.8910
  },
  {
    "name": "San Antonio",
    "lat": 29.4241,
    "lon": -98.4936
  },
  {
    "name": "San Bernardino",
    "lat": 34.1083,
    "lon": -117.2898
  },
  {
    "name": "San Diego",
    "lat": 32.7157,
    "lon": -117.1611
  },
  {
    "name": "San Francisco",
    "lat": 37.7749,
    "lon": -122.4194
  },
  {
    "name": "San Jose",
    "lat": 37.3382,
    "lon": -121.8863
  },
  {
    "name": "San Luis Obispo",
    "lat": 35.2828,
    "lon": -120.6596
  },
  {
    "name": "Santa Barbara",
    "lat": 34.4208,
    "lon": -119.6982
  },
  {
    "name": "Santa Clarita",
    "lat": 34.3917,
    "lon": -118.5426
  },
  {
    "name": "Santa Cruz",
    "lat": 36.9741,
    "lon": -122.0308
  },
  {
    "name": "Santa Rosa",
    "lat": 38.4404,
    "lon": -122.7141
  },
  {
    "name": "Santiago",
    "lat": -33.4489,
    "lon": -70.6693
  },
  {
    "name": "Savannah",
    "lat": 32.0809,
    "lon": -81.0912
  },
  {
    "name": "Scottsdale",
    "lat": 33.4942,
    "lon": -111.9261
  },
  {
    "name": "Seattle",
    "lat": 47.6062,
    "lon": -122.3321
  },
  {
    "name": "Seoul",
    "lat": 37.5665,
    "lon": 126.9780
  },
  {
    "name": "Shreveport",
    "lat": 32.5252,
    "lon": -93.7502
  },
  {
    "name": "Singapore",
    "lat": 1.3521,
    "lon": 103.8198
  },
  {
    "name": "Sioux Falls",
    "lat": 43.5460,
    "lon": -96.7313
  },
  {
    "name": "Spokane",
    "lat": 47.6588,
    "lon": -117.4260
  },
  {
    "name": "Springfield, IL",
    "lat": 39.7817,
    "lon": -89.6501
  },
  {
    "name": "Springfield, MO",
    "lat": 37.2090,
    "lon": -93.2923
  },
  {
    "name": "St. Louis",
    "lat": 38.6270,
    "lon": -90.1994
  },
  {
    "name": "St. Paul",
    "lat": 44.9537,
    "lon": -93.0900
  },
  {
    "name": "St. Petersburg",
    "lat": 27.7676,
    "lon": -82.6403
  },
  {
    "name": "Stockton",
    "lat": 37.9577,
    "lon": -121.2908
  },
  {
    "name": "Surprise",
    "lat": 33.6303,
    "lon": -112.3679
  },
  {
    "name": "Sydney",
    "lat": -33.8688,
    "lon": 151.2093
  },
  {
    "name": "Syracuse",
    "lat": 43.0481,
    "lon": -76.1474
  },
  {
    "name": "São Paulo",
    "lat": -23.5505,
    "lon": -46.6333
  },
  {
    "name": "Tacoma",
    "lat": 47.2529,
    "lon": -122.4443
  },
  {
    "name": "Tallahassee",
    "lat": 30.4383,
    "lon": -84.2807
  },
  {
    "name": "Tampa",
    "lat": 27.9506,
    "lon": -82.4572
  },
  {
    "name": "Tehran",
    "lat": 35.6892,
    "lon": 51.3890
  },
  {
    "name": "Tempe",
    "lat": 33.4255,
    "lon": -111.9400
  },
  {
    "name": "Tokyo",
    "lat": 35.6895,
    "lon": 139.6917
  },
  {
    "name": "Toronto",
    "lat": 43.6532,
    "lon": -79.3832
  },
  {
    "name": "Torrance",
    "lat": 33.8358,
    "lon": -118.3406
  },
  {
    "name": "Tucson",
    "lat": 32.2226,
    "lon": -110.9747
  },
  {
    "name": "Tulsa",
    "lat": 36.1540,
    "lon": -95.9928
  },
  {
    "name": "Vancouver",
    "lat": 45.6387,
    "lon": -122.6615
  },
  {
    "name": "Virginia Beach",
    "lat": 36.8529,
    "lon": -75.9780
  },
  {
    "name": "Washington DC",
    "lat": 38.9072,
    "lon": -77.0369
  },
  {
    "name": "West Palm Beach",
    "lat": 26.7153,
    "lon": -80.0534
  },
  {
    "name": "Wichita",
    "lat": 37.6872,
    "lon": -97.3301
  },
  {
    "name": "Wilmington",
    "lat": 34.2257,
    "lon": -77.9447
  },
  {
    "name": "Winston-Salem",
    "lat": 36.0999,
    "lon": -80.2442
  },
  {
    "name": "Worcester",
    "lat": 42.2626,
    "lon": -71.8023
  },
  {
    "name": "Yonkers",
    "lat": 40.9312,
    "lon": -73.8987
  }
]
